{"<global>":{"admin_members_list":["admin_members_list"],"admin_rights_list":["admin_rights_list"],"changepwd":["changepwd"],"changepwd_success":["changepwd_success"],"login":["login"],"menu":["menu"],"register":["register"],"register_success":["register_success"],"remind":["remind"],"remind_success":["remind_success"],"userinfo":["userinfo"]},"Available Rooms Chart":{"chart":["chart"],"masterchart":["masterchart"],"search":["search"]},"Daily Customers Chart":{"chart":["chart"],"masterchart":["masterchart"],"search":["search"]},"Dashboard":{"dashboard":["dashboard"],"search":["search"]},"Reservations Chart":{"chart":["chart"],"search":["search"]},"Room types Available":{"chart":["chart"],"masterchart":["masterchart"],"search":["search"]},"admin_members":{"search":["search"]},"admin_users":{"add":["add"],"delete":[],"edit":["edit"],"export":["export"],"import":["import"],"list":["list"],"print":["print"],"search":["search"],"view":["view"]},"dbo.asp_project_users":{"search":["search"]},"hoteldb.crews":{"add":["add"],"delete":[],"edit":["edit"],"export":["export"],"import":["import"],"list":["list"],"masterlist":["masterlist"],"masterprint":["masterprint"],"print":["print"],"search":["search"],"view":["view"]},"hoteldb.customers":{"add":["add"],"delete":[],"edit":["edit"],"export":["export"],"import":["import"],"list":["list"],"masterlist":["masterlist"],"masterprint":["masterprint"],"print":["print"],"search":["search"],"view":["view"]},"hoteldb.payments":{"add":["add"],"delete":[],"edit":["edit"],"export":["export"],"import":["import"],"list":["list"],"print":["print"],"search":["search"],"view":["view"]},"hoteldb.reservations":{"add":["add"],"delete":[],"edit":["edit"],"export":["export"],"import":["import"],"list":["list"],"print":["print"],"search":["search"],"view":["view"]},"hoteldb.rooms":{"add":["add"],"delete":[],"edit":["edit"],"export":["export"],"import":["import"],"list":["list"],"masterlist":["masterlist"],"masterprint":["masterprint"],"print":["print"],"search":["search"],"view":["view"]},"hoteldb.roomtypes":{"add":["add"],"delete":[],"edit":["edit"],"export":["export"],"import":["import"],"list":["list"],"masterlist":["masterlist"],"masterprint":["masterprint"],"print":["print"],"search":["search"],"view":["view"]},"hoteldb.transactions":{"add":["add"],"delete":[],"edit":["edit"],"export":["export"],"import":["import"],"list":["list"],"masterlist":["masterlist"],"masterprint":["masterprint"],"print":["print"],"search":["search"],"view":["view"]}}